{"cameraMode":{"drawMode":0,"name":"Shaded","section":"Shading Mode"},"sceneLighting":true,"audioPlay":false,"sceneViewState":{"showFog":true,"showMaterialUpdate":false,"showSkybox":false,"showFlares":true,"showImageEffects":true,"showParticleSystems":true},"in2DMode":false,"pivot":{"x":-0.0040490031242370609,"y":0.7059063911437988,"z":0.0},"rotation":{"x":-0.2802424430847168,"y":-0.29235318303108218,"z":0.09021377563476563,"w":-0.909949004650116},"size":4.012322902679443,"orthographic":false}