{"cameraMode":{"drawMode":0,"name":"Shaded","section":"Shading Mode"},"sceneLighting":false,"audioPlay":false,"sceneViewState":{"showFog":true,"showMaterialUpdate":false,"showSkybox":false,"showFlares":true,"showImageEffects":true,"showParticleSystems":true},"in2DMode":false,"pivot":{"x":-0.00035896897315979004,"y":0.5467808842658997,"z":0.0008752942085266113},"rotation":{"x":-0.3528122007846832,"y":0.07674267143011093,"z":-0.028879649937152864,"w":-0.9321685433387756},"size":2.6758437156677248,"orthographic":false}